{
  "winning_experiment": "Experiment 2",
  "best_model_file": "best_model.pth",
  "frame_level": {
    "accuracy_pct": 93.2716,
    "auc": 0.9573,
    "total_frames": 12410,
    "correct_frames": 11575
  },
  "video_level": {
    "accuracy_pct": 97.7679,
    "total_videos": 224,
    "correct_videos": 219
  },
  "hyperparameters": {
    "exp1_lr": 0.001,
    "exp1_epochs": 10,
    "exp2_lr": 0.0001,
    "exp2_epochs": 10,
    "dropout": 0.3,
    "weight_decay": 0.0001,
    "lr_scheduler": "ReduceLROnPlateau (factor=0.5, patience=2)",
    "loss_function": "CrossEntropyLoss",
    "optimizer": "Adam"
  },
  "training_history": {
    "exp1": {
      "train_loss": [
        0.3087214159318894,
        0.2980316845521237,
        0.2919610977173888,
        0.29255047381443555,
        0.2851798524810087,
        0.2867499919242936,
        0.28551486695476813,
        0.2852797739558758,
        0.28545953644741906,
        0.28570282147143444
      ],
      "train_acc": [
        88.53237335002869,
        88.83671588320203,
        88.96888749760873,
        88.85410688509765,
        89.14627571694406,
        88.95149649571312,
        89.09584181144675,
        89.18453592111442,
        89.11845011391107,
        89.10453731239457
      ],
      "val_loss": [
        0.3077604265731835,
        0.3148783150796157,
        0.29625797941857335,
        0.3212334544298706,
        0.30024347777284555,
        0.29624970344546286,
        0.2858682538746079,
        0.30226374042897214,
        0.2943064348670759,
        0.2919811476063428
      ],
      "val_acc": [
        88.55942673585372,
        87.9334486450869,
        88.31233012107734,
        87.653405815007,
        88.41940532081377,
        88.32056667490322,
        88.74886747384895,
        88.3288032287291,
        88.18878181368916,
        88.49353430524668
      ]
    },
    "exp2": {
      "train_loss": [
        0.22194641355893333,
        0.16981868183695129,
        0.1478054749728497,
        0.1327782316011484,
        0.1221280774547897,
        0.11429651136643551,
        0.10790143774970425,
        0.10212766450992143,
        0.09857108948066486,
        0.09048434594696857
      ],
      "train_acc": [
        91.36710665901462,
        93.32011617189266,
        94.18966626667363,
        94.84530703813847,
        95.14617137093268,
        95.59138101946053,
        95.88354985130694,
        96.04006886836751,
        96.21919618789238,
        96.53745152258222
      ],
      "val_loss": [
        0.21537117368996772,
        0.18710302684496422,
        0.1817117611109074,
        0.17209247548057807,
        0.15853476881324177,
        0.15571376238796883,
        0.15394599462676167,
        0.16101388780982204,
        0.15899634877959173,
        0.16994641403639893
      ],
      "val_acc": [
        91.07981220657277,
        92.35647804958406,
        92.34824149575817,
        92.91656370974384,
        93.64138044642122,
        93.8472942920682,
        93.85553084589408,
        93.49312247755539,
        93.79787496911293,
        93.12247755539083
      ]
    }
  }
}